MÃ£ ngÃ nh,TÃªn ngÃ nh,ChÆ°Æ¡ng trÃ¬nh,ÄÆ¡n vá»
7320111,Cá»¬ NHÃN TRUYá»N THÃNG Sá»,,Khoa Quá»c táº¿ PhÃ¡p ngá»¯
QHX01,BÃ¡o chÃ­,ChÆ°Æ¡ng trÃ¬nh ÄÃ o táº¡o chuáº©n,TrÆ°á»ng Äáº¡i há»c Khoa há»c XÃ£ há»i vÃ NhÃ¢n vÄn
QHX40,BÃ¡o chÃ­ - CTÄT CLC,ChÆ°Æ¡ng trÃ¬nh cháº¥t lÆ°á»£ng cao (TT23 CLC**),TrÆ°á»ng Äáº¡i há»c Khoa há»c XÃ£ há»i vÃ NhÃ¢n vÄn
QHX02,ChÃ­nh trá» há»c,ChÆ°Æ¡ng trÃ¬nh ÄÃ o táº¡o chuáº©n,TrÆ°á»ng Äáº¡i há»c Khoa há»c XÃ£ há»i vÃ NhÃ¢n vÄn
QHQ08,ChÆ°Æ¡ng trÃ¬nh KÄ© sÆ° Tá»± Äá»ng hÃ³a vÃ Tin há»c,ChÆ°Æ¡ng trÃ¬nh Äáº·c thÃ¹ cá»§a ÄHQGHN,TrÆ°á»ng Quá»c táº¿
CN4,CÆ¡ ká»¹ thuáº­t,ChÆ°Æ¡ng trÃ¬nh ÄÃ o táº¡o chuáº©n,TrÆ°á»ng Äáº¡i há»c CÃ´ng nghá»
CN7,CÃ´ng nghá» HÃ ng khÃ´ng vÅ© trá»¥*,ChÆ°Æ¡ng trÃ¬nh ÄÃ o táº¡o chuáº©n,TrÆ°á»ng Äáº¡i há»c CÃ´ng nghá»
CN6,CÃ´ng nghá» ká»¹ thuáº­t cÆ¡ Äiá»n tá»­,ChÆ°Æ¡ng trÃ¬nh ÄÃ o táº¡o chuáº©n,TrÆ°á»ng Äáº¡i há»c CÃ´ng nghá»
QHT05,CÃ´ng nghá» ká»¹ thuáº­t háº¡t nhÃ¢n,ChÆ°Æ¡ng trÃ¬nh ÄÃ o táº¡o chuáº©n,TrÆ°á»ng Äáº¡i há»c Khoa há»c Tá»± nhiÃªn
QHT42,CÃ´ng nghá» ká»¹ thuáº­t hoÃ¡ há»c**,ChÆ°Æ¡ng trÃ¬nh cháº¥t lÆ°á»£ng cao (TT23 CLC**),TrÆ°á»ng Äáº¡i há»c Khoa há»c Tá»± nhiÃªn
QHT46,CÃ´ng nghá» ká»¹ thuáº­t mÃ´i trÆ°á»ng**,ChÆ°Æ¡ng trÃ¬nh cháº¥t lÆ°á»£ng cao (TT23 CLC**),TrÆ°á»ng Äáº¡i há»c Khoa há»c Tá»± nhiÃªn
CN5,CÃ´ng nghá» ká»¹ thuáº­t xÃ¢y dá»±ng,ChÆ°Æ¡ng trÃ¬nh ÄÃ o táº¡o chuáº©n,TrÆ°á»ng Äáº¡i há»c CÃ´ng nghá»
CN9,CÃ´ng nghá» ká»¹ thuáº­t Äiá»n tá»­ - viá»n thÃ´ng,ChÆ°Æ¡ng trÃ¬nh ÄÃ o táº¡o chuáº©n,TrÆ°á»ng Äáº¡i há»c CÃ´ng nghá»
CN10,CÃ´ng nghá» nÃ´ng nghiá»p,ChÆ°Æ¡ng trÃ¬nh ÄÃ o táº¡o chuáº©n,TrÆ°á»ng Äáº¡i há»c CÃ´ng nghá»
QHT97,CÃ´ng nghá» quan tráº¯c vÃ giÃ¡m sÃ¡t tÃ i nguyÃªn mÃ´i trÆ°á»ng*,ChÆ°Æ¡ng trÃ¬nh ÄÃ o táº¡o thÃ­ Äiá»m,TrÆ°á»ng Äáº¡i há»c Khoa há»c Tá»± nhiÃªn
QHT44,CÃ´ng nghá» sinh há»c**,ChÆ°Æ¡ng trÃ¬nh cháº¥t lÆ°á»£ng cao (TT23 CLC**),TrÆ°á»ng Äáº¡i há»c Khoa há»c Tá»± nhiÃªn
QHQ11,CÃ´ng nghá» TÃ i chÃ­nh vÃ Kinh doanh sá»,ChÆ°Æ¡ng trÃ¬nh Äáº·c thÃ¹ cá»§a ÄHQGHN,TrÆ°á»ng Quá»c táº¿
CN1,CÃ´ng nghá» ThÃ´ng tin,ChÆ°Æ¡ng trÃ¬nh ÄÃ o táº¡o chuáº©n,TrÆ°á»ng Äáº¡i há»c CÃ´ng nghá»
QHQ10,CÃ´ng nghá» thÃ´ng tin á»©ng dá»¥ng,ChÆ°Æ¡ng trÃ¬nh ÄÃ o táº¡o chuáº©n,TrÆ°á»ng Quá»c táº¿
CN16,CÃ´ng nghá» thÃ´ng tin Äá»nh hÆ°á»ng thá» trÆ°á»ng Nháº­t Báº£n,ChÆ°Æ¡ng trÃ¬nh ÄÃ o táº¡o chuáº©n,TrÆ°á»ng Äáº¡i há»c CÃ´ng nghá»
VJU1,CÃ´ng nghá» thá»±c pháº©m vÃ sá»©c khá»e,ChÆ°Æ¡ng trÃ¬nh Äáº·c thÃ¹ cá»§a ÄHQGHN,TrÆ°á»ng Äáº¡i há»c Viá»t Nháº­t
QHX03,CÃ´ng tÃ¡c xÃ£ há»i,ChÆ°Æ¡ng trÃ¬nh ÄÃ o táº¡o chuáº©n,TrÆ°á»ng Äáº¡i há»c Khoa há»c XÃ£ há»i vÃ NhÃ¢n vÄn
73401a1,Cá»¬ NHÃN KINH DOANH Sá»,,Khoa Quá»c táº¿ PhÃ¡p ngá»¯
7720201,DÆ°á»£c há»c,ChÆ°Æ¡ng trÃ¬nh ÄÃ o táº¡o chuáº©n,TrÆ°á»ng Äáº¡i há»c Y DÆ°á»£c
GD5,GiÃ¡o dá»¥c Máº§m non,ChÆ°Æ¡ng trÃ¬nh ÄÃ o táº¡o chuáº©n,TrÆ°á»ng Äáº¡i há»c GiÃ¡o dá»¥c
GD4,GiÃ¡o dá»¥c Tiá»u há»c,ChÆ°Æ¡ng trÃ¬nh ÄÃ o táº¡o chuáº©n,TrÆ°á»ng Äáº¡i há»c GiÃ¡o dá»¥c
QHT17,Háº£i dÆ°Æ¡ng há»c,ChÆ°Æ¡ng trÃ¬nh ÄÃ o táº¡o chuáº©n,TrÆ°á»ng Äáº¡i há»c Khoa há»c Tá»± nhiÃªn
QHX06,HÃ¡n NÃ´m,ChÆ°Æ¡ng trÃ¬nh ÄÃ o táº¡o chuáº©n,TrÆ°á»ng Äáº¡i há»c Khoa há»c XÃ£ há»i vÃ NhÃ¢n vÄn
QHX26,HÃ n Quá»c há»c,ChÆ°Æ¡ng trÃ¬nh ÄÃ o táº¡o chuáº©n,TrÆ°á»ng Äáº¡i há»c Khoa há»c XÃ£ há»i vÃ NhÃ¢n vÄn
CN14,Há» thá»ng thÃ´ng tin,ChÆ°Æ¡ng trÃ¬nh ÄÃ o táº¡o chuáº©n,TrÆ°á»ng Äáº¡i há»c CÃ´ng nghá»
QHQ03,Há» thá»ng thÃ´ng tin quáº£n lÃ½ (ÄÃ o táº¡o báº±ng tiáº¿ng Anh),ChÆ°Æ¡ng trÃ¬nh Äáº·c thÃ¹ cá»§a ÄHQGHN,TrÆ°á»ng Quá»c táº¿
QHT43,HoÃ¡ dÆ°á»£c**,ChÆ°Æ¡ng trÃ¬nh cháº¥t lÆ°á»£ng cao (TT23 CLC**),TrÆ°á»ng Äáº¡i há»c Khoa há»c Tá»± nhiÃªn
QHT06,HoÃ¡ há»c,ChÆ°Æ¡ng trÃ¬nh ÄÃ o táº¡o chuáº©n,TrÆ°á»ng Äáº¡i há»c Khoa há»c Tá»± nhiÃªn
QHT41,HoÃ¡ há»c***,ChÆ°Æ¡ng trÃ¬nh ÄÃ o táº¡o tiÃªn tiáº¿n,TrÆ°á»ng Äáº¡i há»c Khoa há»c Tá»± nhiÃªn
QHE42,Káº¿ toÃ¡n,ChÆ°Æ¡ng trÃ¬nh cháº¥t lÆ°á»£ng cao (TT23 CLC**),TrÆ°á»ng Äáº¡i há»c Kinh táº¿
,"Káº¿ toÃ¡n vÃ TÃ i chÃ­nh do ÄH East London, UK cáº¥p báº±ng chÃ­nh quy",ChÆ°Æ¡ng trÃ¬nh liÃªn káº¿t ÄÃ o táº¡o quá»c táº¿,TrÆ°á»ng Quá»c táº¿
QHQ02,"Káº¿ toÃ¡n, PhÃ¢n tÃ­ch vÃ Kiá»m toÃ¡n (ÄÃ o táº¡o báº±ng tiáº¿ng Anh)",ChÆ°Æ¡ng trÃ¬nh Äáº·c thÃ¹ cá»§a ÄHQGHN,TrÆ°á»ng Quá»c táº¿
QHT16,KhÃ­ tÆ°á»£ng vÃ khÃ­ háº­u há»c,ChÆ°Æ¡ng trÃ¬nh ÄÃ o táº¡o chuáº©n,TrÆ°á»ng Äáº¡i há»c Khoa há»c Tá»± nhiÃªn
QHT93,Khoa há»c dá»¯ liá»u*,ChÆ°Æ¡ng trÃ¬nh ÄÃ o táº¡o thÃ­ Äiá»m,TrÆ°á»ng Äáº¡i há»c Khoa há»c Tá»± nhiÃªn
GD3,Khoa há»c giÃ¡o dá»¥c vÃ khÃ¡c (gá»m 5 ngÃ nh: Khoa há»c giÃ¡o dá»¥c; Tham váº¥n há»c ÄÆ°á»ng; Quáº£n trá» cháº¥t lÆ°á»£ng giÃ¡o dá»¥c; Quáº£n trá» trÆ°á»ng há»c; Quáº£n trá» cÃ´ng nghá» giÃ¡o dá»¥c),ChÆ°Æ¡ng trÃ¬nh ÄÃ o táº¡o chuáº©n,TrÆ°á»ng Äáº¡i há»c GiÃ¡o dá»¥c
CN8,Khoa há»c mÃ¡y tÃ­nh,ChÆ°Æ¡ng trÃ¬nh ÄÃ o táº¡o chuáº©n,TrÆ°á»ng Äáº¡i há»c CÃ´ng nghá»
QHT98,Khoa há»c mÃ¡y tÃ­nh vÃ thÃ´ng tin*,ChÆ°Æ¡ng trÃ¬nh ÄÃ o táº¡o thÃ­ Äiá»m,TrÆ°á»ng Äáº¡i há»c Khoa há»c Tá»± nhiÃªn
QHT13,Khoa há»c mÃ´i trÆ°á»ng,ChÆ°Æ¡ng trÃ¬nh ÄÃ o táº¡o chuáº©n,TrÆ°á»ng Äáº¡i há»c Khoa há»c Tá»± nhiÃªn
QHX07,Khoa há»c quáº£n lÃ½,ChÆ°Æ¡ng trÃ¬nh ÄÃ o táº¡o chuáº©n,TrÆ°á»ng Äáº¡i há»c Khoa há»c XÃ£ há»i vÃ NhÃ¢n vÄn
QHX41,Khoa há»c quáº£n lÃ½ - CTÄT CLC,ChÆ°Æ¡ng trÃ¬nh cháº¥t lÆ°á»£ng cao (TT23 CLC**),TrÆ°á»ng Äáº¡i há»c Khoa há»c XÃ£ há»i vÃ NhÃ¢n vÄn
QHT91,Khoa há»c thÃ´ng tin Äá»a khÃ´ng gian*,ChÆ°Æ¡ng trÃ¬nh ÄÃ o táº¡o thÃ­ Äiá»m,TrÆ°á»ng Äáº¡i há»c Khoa há»c Tá»± nhiÃªn
QHT96,Khoa há»c vÃ cÃ´ng nghá» thá»±c pháº©m*,ChÆ°Æ¡ng trÃ¬nh ÄÃ o táº¡o thÃ­ Äiá»m,TrÆ°á»ng Äáº¡i há»c Khoa há»c Tá»± nhiÃªn
7480204,Khoa há»c vÃ Ká»¹ thuáº­t mÃ¡y tÃ­nh,ChÆ°Æ¡ng trÃ¬nh Äáº·c thÃ¹ cá»§a ÄHQGHN,TrÆ°á»ng Äáº¡i há»c Viá»t Nháº­t
QHT04,Khoa há»c váº­t liá»u,ChÆ°Æ¡ng trÃ¬nh ÄÃ o táº¡o chuáº©n,TrÆ°á»ng Äáº¡i há»c Khoa há»c Tá»± nhiÃªn
QHQ01,Kinh doanh quá»c táº¿ (ÄÃ o táº¡o báº±ng tiáº¿ng Anh),ChÆ°Æ¡ng trÃ¬nh Äáº·c thÃ¹ cá»§a ÄHQGHN,TrÆ°á»ng Quá»c táº¿
QHE44,Kinh táº¿,ChÆ°Æ¡ng trÃ¬nh cháº¥t lÆ°á»£ng cao (TT23 CLC**),TrÆ°á»ng Äáº¡i há»c Kinh táº¿
7903124QT,Kinh táº¿ - TÃ i chÃ­nh***,ChÆ°Æ¡ng trÃ¬nh liÃªn káº¿t ÄÃ o táº¡o quá»c táº¿,TrÆ°á»ng Äáº¡i há»c Ngoáº¡i ngá»¯
QHE45,Kinh táº¿ PhÃ¡t triá»n,ChÆ°Æ¡ng trÃ¬nh cháº¥t lÆ°á»£ng cao (TT23 CLC**),TrÆ°á»ng Äáº¡i há»c Kinh táº¿
QHE43,Kinh táº¿ quá»c táº¿,ChÆ°Æ¡ng trÃ¬nh cháº¥t lÆ°á»£ng cao (TT23 CLC**),TrÆ°á»ng Äáº¡i há»c Kinh táº¿
7520114,Ká»¹ thuáº­t cÆ¡ Äiá»n tá»­ (CÆ¡ Äiá»n tá»­ thÃ´ng minh vÃ sáº£n xuáº¥t theo phÆ°Æ¡ng thá»©c Nháº­t Báº£n),ChÆ°Æ¡ng trÃ¬nh Äáº·c thÃ¹ cá»§a ÄHQGHN,TrÆ°á»ng Äáº¡i há»c Viá»t Nháº­t
QHQ12,Ká»¹ thuáº­t há» thá»ng cÃ´ng nghiá»p & Logistics,ChÆ°Æ¡ng trÃ¬nh ÄÃ o táº¡o chuáº©n,TrÆ°á»ng Quá»c táº¿
7720602,Ká»¹ thuáº­t hÃ¬nh áº£nh y há»c,ChÆ°Æ¡ng trÃ¬nh ÄÃ o táº¡o chuáº©n,TrÆ°á»ng Äáº¡i há»c Y DÆ°á»£c
CN2,Ká»¹ thuáº­t mÃ¡y tÃ­nh,ChÆ°Æ¡ng trÃ¬nh ÄÃ o táº¡o chuáº©n,TrÆ°á»ng Äáº¡i há»c CÃ´ng nghá»
CN13,Ká»¹ thuáº­t nÄng lÆ°á»£ng,ChÆ°Æ¡ng trÃ¬nh ÄÃ o táº¡o chuáº©n,TrÆ°á»ng Äáº¡i há»c CÃ´ng nghá»
CN17,Ká»¹ thuáº­t Robot,ChÆ°Æ¡ng trÃ¬nh ÄÃ o táº¡o chuáº©n,TrÆ°á»ng Äáº¡i há»c CÃ´ng nghá»
7580201,Ká»¹ thuáº­t xÃ¢y dá»±ng,ChÆ°Æ¡ng trÃ¬nh Äáº·c thÃ¹ cá»§a ÄHQGHN,TrÆ°á»ng Äáº¡i há»c Viá»t Nháº­t
7720601,Ká»¹ thuáº­t xÃ©t nghiá»m y há»c,ChÆ°Æ¡ng trÃ¬nh ÄÃ o táº¡o chuáº©n,TrÆ°á»ng Äáº¡i há»c Y DÆ°á»£c
QHT94,Ká»¹ thuáº­t Äiá»n tá»­ vÃ tin há»c*,ChÆ°Æ¡ng trÃ¬nh ÄÃ o táº¡o thÃ­ Äiá»m,TrÆ°á»ng Äáº¡i há»c Khoa há»c Tá»± nhiÃªn
CN11,Ká»¹ thuáº­t Äiá»u khiá»n vÃ tá»± Äá»ng hÃ³a,ChÆ°Æ¡ng trÃ¬nh ÄÃ o táº¡o chuáº©n,TrÆ°á»ng Äáº¡i há»c CÃ´ng nghá»
QHX08,Lá»ch sá»­,ChÆ°Æ¡ng trÃ¬nh ÄÃ o táº¡o chuáº©n,TrÆ°á»ng Äáº¡i há»c Khoa há»c XÃ£ há»i vÃ NhÃ¢n vÄn
7380101,Luáº­t,ChÆ°Æ¡ng trÃ¬nh ÄÃ o táº¡o chuáº©n,TrÆ°á»ng Äáº¡i há»c Luáº­t
7380101CLC,Luáº­t cháº¥t lÆ°á»£ng cao,ChÆ°Æ¡ng trÃ¬nh cháº¥t lÆ°á»£ng cao (TT23 CLC**),TrÆ°á»ng Äáº¡i há»c Luáº­t
7380110,Luáº­t kinh doanh,ChÆ°Æ¡ng trÃ¬nh ÄÃ o táº¡o chuáº©n,TrÆ°á»ng Äáº¡i há»c Luáº­t
7380109,Luáº­t thÆ°Æ¡ng máº¡i quá»c táº¿,ChÆ°Æ¡ng trÃ¬nh ÄÃ o táº¡o chuáº©n,TrÆ°á»ng Äáº¡i há»c Luáº­t
QHX09,LÆ°u trá»¯ há»c,ChÆ°Æ¡ng trÃ¬nh ÄÃ o táº¡o chuáº©n,TrÆ°á»ng Äáº¡i há»c Khoa há»c XÃ£ há»i vÃ NhÃ¢n vÄn
CN15,Máº¡ng mÃ¡y tÃ­nh vÃ truyá»n thÃ´ng dá»¯ liá»u,ChÆ°Æ¡ng trÃ¬nh ÄÃ o táº¡o chuáº©n,TrÆ°á»ng Äáº¡i há»c CÃ´ng nghá»
QHQ06,Marketing (Song báº±ng VNU - HELP),ChÆ°Æ¡ng trÃ¬nh Äáº·c thÃ¹ cá»§a ÄHQGHN,TrÆ°á»ng Quá»c táº¿
7900102,Marketing vÃ Truyá»n thÃ´ng,ChÆ°Æ¡ng trÃ¬nh cháº¥t lÆ°á»£ng cao (TT23 CLC**),TrÆ°á»ng Quáº£n trá» vÃ Kinh doanh
7220211,NgÃ´n ngá»¯ áº¢ Ráº­p,ChÆ°Æ¡ng trÃ¬nh ÄÃ o táº¡o chuáº©n,TrÆ°á»ng Äáº¡i há»c Ngoáº¡i ngá»¯
QHQ09,NgÃ´n ngá»¯ Anh (chuyÃªn sÃ¢u Kinh doanh vÃ CNTT),ChÆ°Æ¡ng trÃ¬nh Äáº·c thÃ¹ cá»§a ÄHQGHN,TrÆ°á»ng Quá»c táº¿
7220201,NgÃ´n ngá»¯ Anh CTÄT CLC,ChÆ°Æ¡ng trÃ¬nh cháº¥t lÆ°á»£ng cao (TT23 CLC**),TrÆ°á»ng Äáº¡i há»c Ngoáº¡i ngá»¯
7220210,NgÃ´n ngá»¯ HÃ n Quá»c CTÄT CLC,ChÆ°Æ¡ng trÃ¬nh cháº¥t lÆ°á»£ng cao (TT23 CLC**),TrÆ°á»ng Äáº¡i há»c Ngoáº¡i ngá»¯
QHX10,NgÃ´n ngá»¯ há»c,ChÆ°Æ¡ng trÃ¬nh ÄÃ o táº¡o chuáº©n,TrÆ°á»ng Äáº¡i há»c Khoa há»c XÃ£ há»i vÃ NhÃ¢n vÄn
7220202,NgÃ´n ngá»¯ Nga,ChÆ°Æ¡ng trÃ¬nh ÄÃ o táº¡o chuáº©n,TrÆ°á»ng Äáº¡i há»c Ngoáº¡i ngá»¯
7220209,NgÃ´n ngá»¯ Nháº­t CTÄT CLC,ChÆ°Æ¡ng trÃ¬nh cháº¥t lÆ°á»£ng cao (TT23 CLC**),TrÆ°á»ng Äáº¡i há»c Ngoáº¡i ngá»¯
7220203,NgÃ´n ngá»¯ PhÃ¡p CTÄT CLC,ChÆ°Æ¡ng trÃ¬nh cháº¥t lÆ°á»£ng cao (TT23 CLC**),TrÆ°á»ng Äáº¡i há»c Ngoáº¡i ngá»¯
7220204,NgÃ´n ngá»¯ Trung Quá»c CTÄT CLC,ChÆ°Æ¡ng trÃ¬nh cháº¥t lÆ°á»£ng cao (TT23 CLC**),TrÆ°á»ng Äáº¡i há»c Ngoáº¡i ngá»¯
7220205,NgÃ´n ngá»¯ Äá»©c CTÄT CLC,ChÆ°Æ¡ng trÃ¬nh cháº¥t lÆ°á»£ng cao (TT23 CLC**),TrÆ°á»ng Äáº¡i há»c Ngoáº¡i ngá»¯
QHX11,NhÃ¢n há»c,ChÆ°Æ¡ng trÃ¬nh ÄÃ o táº¡o chuáº©n,TrÆ°á»ng Äáº¡i há»c Khoa há»c XÃ£ há»i vÃ NhÃ¢n vÄn
QHX12,Nháº­t Báº£n há»c,ChÆ°Æ¡ng trÃ¬nh ÄÃ o táº¡o chuáº©n,TrÆ°á»ng Äáº¡i há»c Khoa há»c XÃ£ há»i vÃ NhÃ¢n vÄn
7310613,Nháº­t Báº£n há»c,ChÆ°Æ¡ng trÃ¬nh Äáº·c thÃ¹ cá»§a ÄHQGHN,TrÆ°á»ng Äáº¡i há»c Viá»t Nháº­t
VJU1,NÃ´ng nghiá»p thÃ´ng minh vÃ bá»n vá»¯ng,ChÆ°Æ¡ng trÃ¬nh Äáº·c thÃ¹ cá»§a ÄHQGHN,TrÆ°á»ng Äáº¡i há»c Viá»t Nháº­t
QHQ05,PhÃ¢n tÃ­ch dá»¯ liá»u kinh doanh (ÄÃ o táº¡o báº±ng tiáº¿ng Anh),ChÆ°Æ¡ng trÃ¬nh Äáº·c thÃ¹ cá»§a ÄHQGHN,TrÆ°á»ng Quá»c táº¿
QHX13,Quan há» cÃ´ng chÃºng,ChÆ°Æ¡ng trÃ¬nh ÄÃ o táº¡o chuáº©n,TrÆ°á»ng Äáº¡i há»c Khoa há»c XÃ£ há»i vÃ NhÃ¢n vÄn
7349002,Quáº£n lÃ­ giáº£i trÃ­ vÃ sá»± kiá»n,ChÆ°Æ¡ng trÃ¬nh ÄÃ o táº¡o chuáº©n,TrÆ°á»ng Khoa há»c liÃªn ngÃ nh vÃ Nghá» thuáº­t
,"Quáº£n lÃ½ (Marketing/Khá»i nghiá»p) - Äáº¡i há»c Keuka (Hoa Ká»³, Má»¹) cáº¥p báº±ng chÃ­nh quy",ChÆ°Æ¡ng trÃ¬nh liÃªn káº¿t ÄÃ o táº¡o quá»c táº¿,TrÆ°á»ng Quá»c táº¿
QHQ07,Quáº£n lÃ½ (Song báº±ng VNU - Keuka),ChÆ°Æ¡ng trÃ¬nh Äáº·c thÃ¹ cá»§a ÄHQGHN,TrÆ°á»ng Quá»c táº¿
QHT95,Quáº£n lÃ½ phÃ¡t triá»n ÄÃ´ thá» vÃ báº¥t Äá»ng sáº£n*,ChÆ°Æ¡ng trÃ¬nh ÄÃ o táº¡o thÃ­ Äiá»m,TrÆ°á»ng Äáº¡i há»c Khoa há»c Tá»± nhiÃªn
QHT20,Quáº£n lÃ½ tÃ i nguyÃªn vÃ mÃ´i trÆ°á»ng,ChÆ°Æ¡ng trÃ¬nh ÄÃ o táº¡o chuáº©n,TrÆ°á»ng Äáº¡i há»c Khoa há»c Tá»± nhiÃªn
QHX14,Quáº£n lÃ½ thÃ´ng tin,ChÆ°Æ¡ng trÃ¬nh ÄÃ o táº¡o chuáº©n,TrÆ°á»ng Äáº¡i há»c Khoa há»c XÃ£ há»i vÃ NhÃ¢n vÄn
QHX42,Quáº£n lÃ½ thÃ´ng tin - CTÄT CLC,ChÆ°Æ¡ng trÃ¬nh cháº¥t lÆ°á»£ng cao (TT23 CLC**),TrÆ°á»ng Äáº¡i há»c Khoa há»c XÃ£ há»i vÃ NhÃ¢n vÄn
QHT12,Quáº£n lÃ½ Äáº¥t Äai,ChÆ°Æ¡ng trÃ¬nh ÄÃ o táº¡o chuáº©n,TrÆ°á»ng Äáº¡i há»c Khoa há»c Tá»± nhiÃªn
QHX15,Quáº£n trá» dá»ch vá»¥ du lá»ch vÃ lá»¯ hÃ nh,ChÆ°Æ¡ng trÃ¬nh ÄÃ o táº¡o chuáº©n,TrÆ°á»ng Äáº¡i há»c Khoa há»c XÃ£ há»i vÃ NhÃ¢n vÄn
7900101,Quáº£n trá» Doanh nghiá»p vÃ CÃ´ng nghá»,ChÆ°Æ¡ng trÃ¬nh cháº¥t lÆ°á»£ng cao (TT23 CLC**),TrÆ°á»ng Quáº£n trá» vÃ Kinh doanh
QHX16,Quáº£n trá» khÃ¡ch sáº¡n,ChÆ°Æ¡ng trÃ¬nh ÄÃ o táº¡o chuáº©n,TrÆ°á»ng Äáº¡i há»c Khoa há»c XÃ£ há»i vÃ NhÃ¢n vÄn
,"Quáº£n trá» KhÃ¡ch sáº¡n, Thá» thao vÃ Du lá»ch do trÆ°á»ng ÄH Troy, Hoa Ká»³ cáº¥p báº±ng chÃ­nh quy",ChÆ°Æ¡ng trÃ¬nh liÃªn káº¿t ÄÃ o táº¡o quá»c táº¿,TrÆ°á»ng Quá»c táº¿
QHE40,Quáº£n trá» kinh doanh,ChÆ°Æ¡ng trÃ¬nh cháº¥t lÆ°á»£ng cao (TT23 CLC**),TrÆ°á»ng Äáº¡i há»c Kinh táº¿
QHE89,"Quáº£n trá» kinh doanh liÃªn káº¿t quá»c táº¿ do Äáº¡i há»c St. Francis, Hoa Ká»³ cáº¥p báº±ng",ChÆ°Æ¡ng trÃ¬nh liÃªn káº¿t ÄÃ o táº¡o quá»c táº¿,TrÆ°á»ng Äáº¡i há»c Kinh táº¿
QHE80,Quáº£n trá» kinh doanh liÃªn káº¿t quá»c táº¿ do Äáº¡i há»c Troy (Hoa Ká»³) cáº¥p báº±ng,ChÆ°Æ¡ng trÃ¬nh liÃªn káº¿t ÄÃ o táº¡o quá»c táº¿,TrÆ°á»ng Äáº¡i há»c Kinh táº¿
7900103,Quáº£n trá» NhÃ¢n lá»±c vÃ NhÃ¢n tÃ i,ChÆ°Æ¡ng trÃ¬nh cháº¥t lÆ°á»£ng cao (TT23 CLC**),TrÆ°á»ng Quáº£n trá» vÃ Kinh doanh
7900205,Quáº£n trá» tÃ i nguyÃªn di sáº£n,ChÆ°Æ¡ng trÃ¬nh ÄÃ o táº¡o chuáº©n,TrÆ°á»ng Khoa há»c liÃªn ngÃ nh vÃ Nghá» thuáº­t
7349001,Quáº£n trá» thÆ°Æ¡ng hiá»u,ChÆ°Æ¡ng trÃ¬nh ÄÃ o táº¡o chuáº©n,TrÆ°á»ng Khoa há»c liÃªn ngÃ nh vÃ Nghá» thuáº­t
7900189,Quáº£n trá» vÃ An ninh,ChÆ°Æ¡ng trÃ¬nh cháº¥t lÆ°á»£ng cao (TT23 CLC**),TrÆ°á»ng Quáº£n trá» vÃ Kinh doanh
QHX17,Quáº£n trá» vÄn phÃ²ng,ChÆ°Æ¡ng trÃ¬nh ÄÃ o táº¡o chuáº©n,TrÆ°á»ng Äáº¡i há»c Khoa há»c XÃ£ há»i vÃ NhÃ¢n vÄn
7900204,Quáº£n trá» ÄÃ´ thá» thÃ´ng minh vÃ bá»n vá»¯ng,ChÆ°Æ¡ng trÃ¬nh ÄÃ o táº¡o chuáº©n,TrÆ°á»ng Khoa há»c liÃªn ngÃ nh vÃ Nghá» thuáº­t
QHX18,Quá»c táº¿ há»c,ChÆ°Æ¡ng trÃ¬nh ÄÃ o táº¡o chuáº©n,TrÆ°á»ng Äáº¡i há»c Khoa há»c XÃ£ há»i vÃ NhÃ¢n vÄn
QHX43,Quá»c táº¿ há»c - CTÄT CLC,ChÆ°Æ¡ng trÃ¬nh cháº¥t lÆ°á»£ng cao (TT23 CLC**),TrÆ°á»ng Äáº¡i há»c Khoa há»c XÃ£ há»i vÃ NhÃ¢n vÄn
7720501CLC,RÄng hÃ m máº·t**,ChÆ°Æ¡ng trÃ¬nh cháº¥t lÆ°á»£ng cao (TT23 CLC**),TrÆ°á»ng Äáº¡i há»c Y DÆ°á»£c
QHT08,Sinh há»c,ChÆ°Æ¡ng trÃ¬nh ÄÃ o táº¡o chuáº©n,TrÆ°á»ng Äáº¡i há»c Khoa há»c Tá»± nhiÃªn
GD2,"SÆ° pháº¡m Ngá»¯ vÄn, Lá»ch sá»­, Lá»ch sá»­ vÃ Äá»a lÃ½ (gá»m 3 ngÃ nh: SÆ° pháº¡m Ngá»¯ vÄn; SÆ° pháº¡m Lá»ch sá»­; SÆ° pháº¡m Lá»ch sá»­ vÃ Äá»a lÃ½)",ChÆ°Æ¡ng trÃ¬nh ÄÃ o táº¡o chuáº©n,TrÆ°á»ng Äáº¡i há»c GiÃ¡o dá»¥c
7140231,SÆ° pháº¡m tiáº¿ng Anh,ChÆ°Æ¡ng trÃ¬nh ÄÃ o táº¡o chuáº©n,TrÆ°á»ng Äáº¡i há»c Ngoáº¡i ngá»¯
7140237,SÆ° pháº¡m tiáº¿ng HÃ n Quá»c,ChÆ°Æ¡ng trÃ¬nh ÄÃ o táº¡o chuáº©n,TrÆ°á»ng Äáº¡i há»c Ngoáº¡i ngá»¯
7140236,SÆ° pháº¡m tiáº¿ng Nháº­t,ChÆ°Æ¡ng trÃ¬nh ÄÃ o táº¡o chuáº©n,TrÆ°á»ng Äáº¡i há»c Ngoáº¡i ngá»¯
7140234,SÆ° pháº¡m tiáº¿ng Trung Quá»c,ChÆ°Æ¡ng trÃ¬nh ÄÃ o táº¡o chuáº©n,TrÆ°á»ng Äáº¡i há»c Ngoáº¡i ngá»¯
GD1,SÆ° pháº¡m ToÃ¡n vÃ Khoa há»c tá»± nhiÃªn (gá»m 5 ngÃ nh: SÆ° pháº¡m ToÃ¡n há»c; SÆ° pháº¡m Váº­t lÃ­; SÆ° pháº¡m HoÃ¡ há»c; SÆ° pháº¡m Sinh há»c; SÆ° pháº¡m Khoa há»c tá»± nhiÃªn),ChÆ°Æ¡ng trÃ¬nh ÄÃ o táº¡o chuáº©n,TrÆ°á»ng Äáº¡i há»c GiÃ¡o dá»¥c
QHE41,TÃ i chÃ­nh - NgÃ¢n hÃ ng,ChÆ°Æ¡ng trÃ¬nh cháº¥t lÆ°á»£ng cao (TT23 CLC**),TrÆ°á»ng Äáº¡i há»c Kinh táº¿
QHT92,TÃ i nguyÃªn vÃ mÃ´i trÆ°á»ng nÆ°á»c*,ChÆ°Æ¡ng trÃ¬nh ÄÃ o táº¡o thÃ­ Äiá»m,TrÆ°á»ng Äáº¡i há»c Khoa há»c Tá»± nhiÃªn
QHX19,TÃ¢m lÃ½ há»c,ChÆ°Æ¡ng trÃ¬nh ÄÃ o táº¡o chuáº©n,TrÆ°á»ng Äáº¡i há»c Khoa há»c XÃ£ há»i vÃ NhÃ¢n vÄn
QHX20,ThÃ´ng tin â thÆ° viá»n,ChÆ°Æ¡ng trÃ¬nh ÄÃ o táº¡o chuáº©n,TrÆ°á»ng Äáº¡i há»c Khoa há»c XÃ£ há»i vÃ NhÃ¢n vÄn
QHQ04,Tin há»c vÃ Ká»¹ thuáº­t mÃ¡y tÃ­nh (chÆ°Æ¡ng trÃ¬nh liÃªn káº¿t quá»c táº¿ do ÄHQGHN cáº¥p báº±ng ÄÃ o táº¡o báº±ng tiáº¿ng Anh),ChÆ°Æ¡ng trÃ¬nh liÃªn káº¿t ÄÃ o táº¡o quá»c táº¿,TrÆ°á»ng Quá»c táº¿
QHT01,ToÃ¡n há»c,ChÆ°Æ¡ng trÃ¬nh ÄÃ o táº¡o chuáº©n,TrÆ°á»ng Äáº¡i há»c Khoa há»c Tá»± nhiÃªn
QHT02,ToÃ¡n tin,ChÆ°Æ¡ng trÃ¬nh ÄÃ o táº¡o chuáº©n,TrÆ°á»ng Äáº¡i há»c Khoa há»c Tá»± nhiÃªn
QHX21,TÃ´n giÃ¡o há»c,ChÆ°Æ¡ng trÃ¬nh ÄÃ o táº¡o chuáº©n,TrÆ°á»ng Äáº¡i há»c Khoa há»c XÃ£ há»i vÃ NhÃ¢n vÄn
CN12,TrÃ­ tuá» nhÃ¢n táº¡o,ChÆ°Æ¡ng trÃ¬nh ÄÃ o táº¡o chuáº©n,TrÆ°á»ng Äáº¡i há»c CÃ´ng nghá»
QHX22,Triáº¿t há»c,ChÆ°Æ¡ng trÃ¬nh ÄÃ o táº¡o chuáº©n,TrÆ°á»ng Äáº¡i há»c Khoa há»c XÃ£ há»i vÃ NhÃ¢n vÄn
QHX27,VÄn hÃ³a há»c,ChÆ°Æ¡ng trÃ¬nh ÄÃ o táº¡o chuáº©n,TrÆ°á»ng Äáº¡i há»c Khoa há»c XÃ£ há»i vÃ NhÃ¢n vÄn
QHX23,VÄn há»c,ChÆ°Æ¡ng trÃ¬nh ÄÃ o táº¡o chuáº©n,TrÆ°á»ng Äáº¡i há»c Khoa há»c XÃ£ há»i vÃ NhÃ¢n vÄn
QHT03,Váº­t lÃ½ há»c,ChÆ°Æ¡ng trÃ¬nh ÄÃ o táº¡o chuáº©n,TrÆ°á»ng Äáº¡i há»c Khoa há»c Tá»± nhiÃªn
CN3,Váº­t lÃ½ ká»¹ thuáº­t,ChÆ°Æ¡ng trÃ¬nh ÄÃ o táº¡o chuáº©n,TrÆ°á»ng Äáº¡i há»c CÃ´ng nghá»
QHX24,Viá»t Nam há»c,ChÆ°Æ¡ng trÃ¬nh ÄÃ o táº¡o chuáº©n,TrÆ°á»ng Äáº¡i há»c Khoa há»c XÃ£ há»i vÃ NhÃ¢n vÄn
QHX25,XÃ£ há»i há»c,ChÆ°Æ¡ng trÃ¬nh ÄÃ o táº¡o chuáº©n,TrÆ°á»ng Äáº¡i há»c Khoa há»c XÃ£ há»i vÃ NhÃ¢n vÄn
7720101,Y khoa,ChÆ°Æ¡ng trÃ¬nh ÄÃ o táº¡o chuáº©n,TrÆ°á»ng Äáº¡i há»c Y DÆ°á»£c
QHT18,Äá»a cháº¥t há»c,ChÆ°Æ¡ng trÃ¬nh ÄÃ o táº¡o chuáº©n,TrÆ°á»ng Äáº¡i há»c Khoa há»c Tá»± nhiÃªn
QHT10,Äá»a lÃ­ tá»± nhiÃªn,ChÆ°Æ¡ng trÃ¬nh ÄÃ o táº¡o chuáº©n,TrÆ°á»ng Äáº¡i há»c Khoa há»c Tá»± nhiÃªn
7720301,Äiá»u dÆ°á»¡ng,ChÆ°Æ¡ng trÃ¬nh ÄÃ o táº¡o chuáº©n,TrÆ°á»ng Äáº¡i há»c Y DÆ°á»£c
QHX04,ÄÃ´ng Nam Ã há»c,ChÆ°Æ¡ng trÃ¬nh ÄÃ o táº¡o chuáº©n,TrÆ°á»ng Äáº¡i há»c Khoa há»c XÃ£ há»i vÃ NhÃ¢n vÄn
QHX05,ÄÃ´ng phÆ°Æ¡ng há»c,ChÆ°Æ¡ng trÃ¬nh ÄÃ o táº¡o chuáº©n,TrÆ°á»ng Äáº¡i há»c Khoa há»c XÃ£ há»i vÃ NhÃ¢n vÄn
