STT,Chương trình đào tạo,Chuẩn,CLC,Trình độ quốc tế,Tổng
STT,Chương trình đào tạo,Chuẩn,CLC,Trình độ quốc tế,Tổng
01,Sư phạm Toán học,Chi tiết,,,1
02,Sư phạm Vật lý,Chi tiết,,,1
03,Sư phạm Hóa học,Chi tiết,,,1
04,Sư phạm Sinh học,Chi tiết,,,1
05,Sư phạm Ngữ văn,Chi tiết,,,1
06,Sư phạm Lịch sử,Chi tiết,,,1
07,Quản lý giáo dục,x,,,1
,Tổng,7,,,7
Trang chủ > ĐÀO TẠO > Chương trình đào tạo bậc đại học >,,,,,
Chương trình đào tạo đại học của Trường Đại học Giáo dục STT  Chương trình đào tạo  Chuẩn  CLC  Trình độ quốc tế  Tổng  01  Sư phạm Toán học  Chi tiết  1  02  Sư phạm Vật lý Chi tiết  1  03  Sư phạm Hóa học  Chi tiết  1  04  Sư phạm Sinh học  Chi tiết  1  05  Sư phạm Ngữ văn  Chi tiết  1  06  Sư phạm Lịch sử  Chi tiết  1  07  Quản lý giáo dục  x  1  Tổng  7  7  In bài viết Gửi cho bạn bè  Từ khóa : Thông tin liên quan  Chương trình đào tạo đại học của Trường Đại học Kinh tế Chương trình đào tạo đại học của Khoa Luật Chương trình đào tạo đại học của Khoa Quốc tế Chương trình đào tạo đại học của Trường Đại học Công nghệ Chương trình đào tạo đại học của Trường Đại học Ngoại ngữ Chương trình đào tạo đại học của Trường Đại học Khoa học Xã hội và Nhân văn Chương trình đào tạo đại học của Trường Đại học Khoa học Tự nhiên Chương trình và hình thức đào tạo đại học Đào tạo chuẩn Ngành Toán học Chương trình đào tạo tài năng ngành Toán học  Trang:  1 | 2 | 3 | 4 | 5 | 6 | 7 | 8 | 9 | 10 | 11 |,,,,,
